#商品分类数据初始

INSERT INTO `category` (`id`, `category_name`, `category_icon`, `parent_id`) VALUES
(1, '电脑办公', NULL, 0),
(2, '手机数码', NULL, 0),
(3, '男装', NULL, 0),
(4, '女装', NULL, 0),
(5, '家用电器', NULL, 0),
(6, '食品生鲜', NULL, 0),
(7, '酒水饮料', NULL, 0),
(8, '玩具乐器', NULL, 0),
(9, '汽车用品', NULL, 0),
(10, '家具家装', NULL, 0),
(11, '礼品鲜花', NULL, 0),
(12, '生活旅行', NULL, 0),
(13, '二手商品', NULL, 0),
(14, 'Apple', 'https://img13.360buyimg.com/n7/jfs/t2590/338/4222589387/237425/25e40fb/57b12ac6N61374a75.jpg', 1),
(15, 'ThinkPad', 'https://img14.360buyimg.com/n7/jfs/t3556/223/2158676156/110226/59267230/584b5678Nbc9f1e70.jpg', 1),
(16, '惠普', 'https://img10.360buyimg.com/n7/jfs/t3157/231/5756125504/98807/97ab361d/588084a1N06efb01d.jpg', 1),
(17, '戴尔', 'https://img14.360buyimg.com/n7/jfs/t5971/255/1793524379/148460/f42e1432/59362fc2Nf55191b9.jpg', 1),
(18, '华硕', 'https://img12.360buyimg.com/n7/jfs/t5878/352/2479795637/201591/d23a1872/5931182fN31cfa389.jpg', 1),
(19, '神舟', 'https://img13.360buyimg.com/n7/jfs/t3052/126/5163722736/217313/f05d9003/5864c7dfNcfbc5e94.jpg', 1),
(20, '外星人', 'https://img11.360buyimg.com/n7/jfs/t4687/130/1245474410/58260/f12a15bd/58db17dbNf5371a02.jpg', 1),
(21, '微星', 'https://img12.360buyimg.com/n7/jfs/t6709/106/1129266372/226149/ab5f4641/594b8094Nb07793ab.jpg', 1),
(22, '宏基', 'https://img11.360buyimg.com/n7/jfs/t5737/312/4822081047/162369/70bbd1b2/5954b785N1787db72.jpg', 1),
(23, '雷神', 'https://img11.360buyimg.com/n7/jfs/t5671/2/2653805329/277901/cf0384f7/5932281fNeb08da02.jpg', 1),
(24, 'Apple', 'https://img14.360buyimg.com/n7/jfs/t3268/124/2646283367/114153/f5704b88/57e4a358N9ccc6645.jpg', 2),
(25, '华为', 'https://img10.360buyimg.com/n7/jfs/t5890/341/1320350439/127171/2f9c4ddd/592535e0N2e102c09.jpg', 2),
(26, '小米', 'https://img14.360buyimg.com/n7/jfs/t5215/252/15502760/100416/cb06f1da/58f709adN45511018.jpg', 2),
(27, '魅族', 'https://img10.360buyimg.com/n7/jfs/t4366/71/2045605853/291379/56c87b03/58ca4dc5N1c303706.jpg', 2),
(28, '三星', 'https://img10.360buyimg.com/n7/jfs/t5905/106/1120548052/61075/6eafa3a5/592f8f7bN763e3d30.jpg', 2),
(29, 'OPPO', 'https://img10.360buyimg.com/n7/jfs/t5785/24/2243796048/134801/923e11/592ea14fNec6d33c4.jpg', 2),
(30, 'vivo', 'https://img11.360buyimg.com/n7/jfs/t5998/69/1052614141/116889/2f5ba58a/592f8ed9N49d8f07b.jpg', 2),
(31, 'HTC', 'https://img13.360buyimg.com/n7/jfs/t5659/277/3541677944/291221/28bb44f8/593e10c9Nc3783014.jpg', 2),
(32, '摩托罗拉', 'https://img12.360buyimg.com/n7/jfs/t3109/185/1064081632/117451/2dba5e92/57c558e2N38a9e617.jpg', 2),
(33, '索尼', 'https://img10.360buyimg.com/n7/jfs/t5191/190/2535818793/70090/78c559f5/591ba9f0Nd3a41fcb.jpg', 2);

# 初始化banner
INSERT INTO `banner_info` (`id`, `bannerImageUrl`, `clickUrl`) VALUES
(1, 'banner/banner1.jpg', ''),
(2, 'banner/banner2.jpg', ''),
(3, 'banner/banner3.jpg', ''),
(4, 'banner/banner4.jpg', '');


INSERT INTO `channel_info` (`id`, `channelUrl`, `channelName`) VALUES
(1, 'channel/channel_fruit.png', '新鲜水果'),
(2, 'channel/channel_vegetable.png', '蔬菜豆品'),
(3, 'channel/channel_meat.png', '肉禽蛋类'),
(4, 'channel/channel_haixian.png', '海鲜水产'),
(5, 'channel/channel_liangyou.png', '粮油副食'),
(6, 'channel/channel_shiyongjun.png', '食用菌'),
(7, 'channel/channel_jianguo.png', '坚果干果'),
(8, 'channel/channel_tea.png', '鲜嫩茶叶'),
(9, 'channel/channel_zhongyaocai.png', '中药材'),
(10, 'channel/channel_huahui.png', '花卉盆景'),
(11, 'channel/channel_baihuo.png', '农用百货'),
(12, 'channel/channel_huafei.png', '常用化肥'),
(13, 'channel/channel_nonyao.png', '防治农药'),
(14, 'channel/channel_siliao.png', '饲料'),
(15, 'channel/channel_tree.png', '农资种苗'),
(16, 'channel/channel_tudi.png', '土地租赁'),
(17, 'channel/channel_tuolaji.png', '农用车辆'),
(18, 'channel/channel_yangzhi.png', '特种养殖'),
(19, 'channel/channel_zhongzi.png', '种子'),
(20, 'channel/channel_other.png', '其它分类');

# 初始化公告
INSERT INTO `comment_info` (`id`, `urlText`, `showText`) VALUES
(1, '', '夏日炎炎，来个西瓜清凉一下'),
(2, '', '爆款新品狂降价'),
(3, '', '新用户立领1000元优惠券');

# 初始化头条商品
INSERT INTO `top_news_info` (`id`, `leftTopImageUrl`, `topName`,`topDesc`,`goodsUrlLeft`,`goodsUrlRight`) VALUES
(1, 'top_news/top_news_banana.png', '海南香蕉','清凉水果来袭','top_news/top_news_banana_left.jpeg','top_news/top_news_banana_right.jpeg'),
(2, 'top_news/top_news_jujube.png', '山东大枣','吃过的都说好','top_news/top_news_jujube_left.jpg','top_news/top_news_jujube_right.jpg'),
(3, 'top_news/top_news_ginseng.png', '野山人参','补脾益肺,生津止渴','top_news/top_news_ginseng_left.jpeg','top_news/top_news_ginseng_right.jpg'),
(4, 'top_news/top_news_yam.png', '铁棍山药','健脾胃,益肺气','top_news/top_news_yam_left.jpeg','top_news/top_news_yam_right.jpg'),
(5, 'top_news/top_news_nut.png', '云南坚果','明目健脑,清香可口','top_news/top_news_nut_left.jpg','top_news/top_news_nut_right.jpg'),
(6, 'top_news/top_news_walnut.png', '汾阳核桃','皮薄肉满,健脑益智！','top_news/top_news_walnut_left.jpg','top_news/top_news_walnut_right.jpg')
;

# 初始化推荐
INSERT INTO `recommend_info` (`id`, `goodsImageUrl`, `goodsName`,`goodsPrice`,`goodsLabel`,`address`,`manName`,`releaseTime`,`goodsDesc`) VALUES
(1, 'recommend/recommend_cabbage.jpeg', '优选甘蓝','0.6','1,1,1','河南省南阳市新野县','李平强','1分钟前','单颗重：1～1.5斤以上 1.5～2斤以上 2~2.5斤以上'),
(2, 'recommend/recommend_xuesong.jpg', '雪松树苗','77.00','1,0,0','河南驻马店市汝南县','梅君楠','2分钟前' ,'3~3.5米 包技术指导 大量供应中...'),
(3, 'recommend/recommend_dongzao.jpeg', '冬枣树苗','6.00','0,1,0','山东省滨州市沾化区','连明','3分钟前','提供管理技术，新品种沾冬2号冬枣'),
(4, 'recommend/recommend_donggua.jpg', '黑皮冬瓜','1.00','0,0,1','四川省宜宾市江安县','邦成商贸有限公司','3分钟前','接受预定，6月上旬上市'),
(5, 'recommend/recommend_miyou.jpg', '红心蜜柚','5.0','1,1,0','广西玉林市容县','容县四通农业有限公司','3分钟前','品种纯正，2斤以上'),
(6, 'recommend/recommend_huanggua.jpeg', '密剌黄瓜','1.0','0,1,1','辽宁省朝阳市凌源市','凌源市一亩地农业有限公司','3分钟前','25公分以上，干花带剌'),
(7, 'recommend/recommend_fengmi.jpeg', '野山花蜂蜜','68.00','1,1,1','山西运城市垣曲县','垣曲县力诺赛科合作社','3分钟前','1斤起售，山中之珍品'),
(8, 'recommend/recommend_huajiao.jpeg', '花椒苗','0.3','1,0,0','山东泰安市岱岳区','周强','5分钟前','1～2年，直径50～100cm'),
(9, 'recommend/recommend_luobo.png', '大白萝卜','0.4','1,0,1','山东济南市平阴县','刘兵','6分钟前','1～1.5斤，箱装带土'),
(10, 'recommend/recommend_suli.jpeg', '酥梨','2.3','1,0,1','山西运城市临猗县','凌源市一亩地农业有限公司','3分钟前','冷库酥梨七五以上价格手抓袋'),;

# 初始化分类表
INSERT INTO `classify_type_info` (`id`, `typeName`) VALUES
(1, '热门分类'),
(2, '水果'),
(3, '蔬菜'),
(4, '种苗'),
(5, '禽畜牧蛋肉'),
(6, '水产'),
(7, '中药材'),
(8, '坚果干果'),
(9, '农副/副食'),
(10, '粮油作物'),
(11, '种子'),
(12, '食用菌'),
(13, '特种养殖'),
(14, '绿化苗木'),
(15, '花卉盆景');

# 初始化公告
INSERT INTO `classify_desc_info` (`classifyTypeId`,`typeName`) VALUES
(1, '热门水果'),
(1, '热门蔬菜'),
(1, '热门中药材'),
(1, '热门水产'),
(2, '当季热门'),
(2, '核果仁果'),
(2, '热带水果'),
(2, '柑橘类'),
(3, '当季热门'),
(3, '薯芋类'),
(3, '葱蒜类'),
(3, '叶菜类'),
(4, '当季热门'),
(4, '水果苗'),
(4, '苗木种苗'),
(4, '蔬菜苗'),
(17,5, '当季热门'),
(5, '活禽'),
(5, '活畜'),
(5, '蛋类'),
(6, '当季热门'),
(6, '淡水鱼类'),
(6, '虾类'),
(6, '贝类鲜货'),
(7, '当季热门'),
(7, '中药根茎类'),
(7, '中药果实籽仁类'),
(7, '中药全草类'),
(8, '当季热门'),
(8, '干果'),
(8, '坚果'),
(32,9, '当季热门'),
(9, '加工食品'),
(9, '粮油产品'),
(9, '调味品'),
(9, '干货'),
(10, '当季热门'),
(10, '谷类作物'),
(10, '油类作物'),
(10, '豆类作物'),
(11, '当季热门'),
(11, '蔬菜种子'),
(11, '中药材种子'),
(11, '水果种子'),
(45,12, '当季热门'),
(12, '食用菌鲜货'),
(12, '食用菌干货'),
(12, '食用菌菌种'),
(13, '当季热门'),
(13, '昆虫类'),
(13, '动物类'),
(13, '禽类'),
(14, '当季热门'),
(14, '乔灌木'),
(14, '地被草坪'),
(14, '竹类植物'),
(15, '当季热门'),
(15, '观花植物'),
(15, '盆景盆花'),
(15, '观叶植物');

# 初始化分类商品
INSERT INTO `goods_type_info` (`classifyDescId`,`goodsImageUrl`,`goodsName`) VALUES
(1, 'classify/hot/fruit/icon_classify_mangguo.png','芒果'),
(1, 'classify/hot/fruit/icon_classify_ganju.png','柑橘'),
(1, 'classify/hot/fruit/icon_classify_baixiangguo.png','百香果'),
(1, 'classify/hot/fruit/icon_classify_banana.png','香蕉'),
(1, 'classify/hot/fruit/icon_classify_boluo.png','菠萝'),
(1, 'classify/hot/fruit/icon_classify_huolongguo.png','火龙果'),
(1, 'classify/hot/fruit/icon_classify_ningmeng.png','柠檬'),
(1, 'classify/hot/fruit/icon_classify_pinguo.png','苹果'),
(1, 'classify/hot/fruit/icon_classify_qicheng.png','脐橙'),
(2, 'classify/hot/vegetable/icon_classify_baicai.png','白菜'),
(2, 'classify/hot/vegetable/icon_classify_dasuan.png','大蒜'),
(2, 'classify/hot/vegetable/icon_classify_honshu.png','红薯'),
(2, 'classify/hot/vegetable/icon_classify_lajiao.png','辣椒'),
(2, 'classify/hot/vegetable/icon_classify_nangua.png','南瓜'),
(2, 'classify/hot/vegetable/icon_classify_shengjiang.png','生姜'),
(2, 'classify/hot/vegetable/icon_classify_tudou.png','土豆'),
(2, 'classify/hot/vegetable/icon_classify_xihonshi.png','西红柿'),
(2, 'classify/hot/vegetable/icon_classify_yangcon.png','洋葱'),
(3, 'classify/hot/medicine/icon_classify_gouqi.png','枸杞'),
(3, 'classify/hot/medicine/icon_classify_huangjing.png','黄精'),
(3, 'classify/hot/medicine/icon_classify_huanglian.png','黄连'),
(3, 'classify/hot/medicine/icon_classify_jinyinhua.png','金银花'),
(3, 'classify/hot/medicine/icon_classify_renshen.png','人参'),
(3, 'classify/hot/medicine/icon_classify_sanqi.png','三七'),
(4, 'classify/hot/aquatic/icon_classify_caoyu.png','草鱼'),
(4, 'classify/hot/aquatic/icon_classify_liyu.png','鲤鱼'),
(4, 'classify/hot/aquatic/icon_classify_longxia.png','龙虾'),
(4, 'classify/hot/aquatic/icon_classify_pangxie.png','螃蟹'),
(4, 'classify/hot/aquatic/icon_classify_shenghao.png','生蚝'),
(4, 'classify/hot/aquatic/icon_classify_tianluo.png','田螺'),
(5, 'classify/fruit/hot/icon_classify_caomei.png','草莓'),
(5, 'classify/fruit/hot/icon_classify_ganju.png','柑橘'),
(5, 'classify/fruit/hot/icon_classify_li.png','梨'),
(5, 'classify/fruit/hot/icon_classify_mangguo.png','芒果'),
(5, 'classify/fruit/hot/icon_classify_putao.png','葡萄'),
(5, 'classify/fruit/hot/icon_classify_tiangua.png','甜瓜'),
(5, 'classify/fruit/hot/icon_classify_xigua.png','西瓜'),
(5, 'classify/fruit/hot/icon_classify_yintao.png','樱桃'),
(6, 'classify/fruit/drupe/icon_classify_lizi.png','李子'),
(6, 'classify/fruit/drupe/icon_classify_maotao.png','毛桃'),
(6, 'classify/fruit/drupe/icon_classify_qingzao.png','青枣'),
(6, 'classify/fruit/drupe/icon_classify_shanzha.png','山楂'),
(6, 'classify/fruit/drupe/icon_classify_xing.png','杏'),
(6, 'classify/fruit/drupe/icon_classify_youtao.png','油桃'),
(7, 'classify/fruit/tropic/icon_classify_boluo.png','菠萝'),
(7, 'classify/fruit/tropic/icon_classify_ganzhe.png','甘蔗'),
(7, 'classify/fruit/tropic/icon_classify_liulian.png','榴莲'),
(7, 'classify/fruit/tropic/icon_classify_mugua.png','木瓜'),
(7, 'classify/fruit/tropic/icon_classify_ningmeng.png','柠檬'),
(7, 'classify/fruit/tropic/icon_classify_pipa.png','枇杷'),
(7, 'classify/fruit/tropic/icon_classify_yezi.png','椰子'),
(7, 'classify/fruit/tropic/icon_classify_youzi.png','柚子'),
(8, 'classify/fruit/tropic/icon_classify_chengzi.png','橙子'),
(8, 'classify/fruit/orange/icon_classify_ganju.png','柑橘'),
(8, 'classify/fruit/orange/icon_classify_juzi.png','橘子'),
(9, 'classify/vegetable/hot/icon_classify_baicai.png','白菜'),
(9, 'classify/vegetable/hot/icon_classify_ganlan.png','甘蓝'),
(9, 'classify/vegetable/hot/icon_classify_honshu.png','红薯'),
(9, 'classify/vegetable/hot/icon_classify_huanggua.png','黄瓜'),
(9, 'classify/vegetable/hot/icon_classify_lajiao.png','辣椒'),
(9, 'classify/vegetable/hot/icon_classify_luobo.png','萝卜'),
(9, 'classify/vegetable/hot/icon_classify_shengjiang.png','生姜'),
(9, 'classify/vegetable/hot/icon_classify_tudou.png','土豆'),
(9, 'classify/vegetable/hot/icon_classify_xihonshi.png','西红柿'),
(10, 'classify/vegetable/yam/icon_classify_juyu.png','菊芋'),
(10, 'classify/vegetable/yam/icon_classify_shanyao.png','山药'),
(10, 'classify/vegetable/yam/icon_classify_yutou.png','芋头'),
(11, 'classify/vegetable/onion/icon_classify_dacong.png','大葱'),
(11, 'classify/vegetable/onion/icon_classify_dasuan.png','大蒜'),
(11, 'classify/vegetable/onion/icon_classify_jiucai.png','韭菜'),
(11, 'classify/vegetable/onion/icon_classify_jiuhuang.png','韭黄'),
(11, 'classify/vegetable/onion/icon_classify_shengjiang.png','生姜'),
(11, 'classify/vegetable/onion/icon_classify_yangcong.png','洋葱'),
(12, 'classify/vegetable/leaf/icon_classify_baicai.png','白菜'),
(12, 'classify/vegetable/leaf/icon_classify_bocai.png','菠菜'),
(12, 'classify/vegetable/leaf/icon_classify_qincai.png','芹菜'),
(12, 'classify/vegetable/leaf/icon_classify_shengcai.png','生菜'),
(12, 'classify/vegetable/leaf/icon_classify_woju.png','莴苣'),
(12, 'classify/vegetable/leaf/icon_classify_xiangcai.png','香菜'),
(12, 'classify/vegetable/leaf/icon_classify_youcai.png','油菜'),
(13, 'classify/sprout/hot/icon_classify_ganjiumiao.jpeg','柑橘苗'),
(13, 'classify/sprout/hot/icon_classify_hetaomiao.jpeg','核桃苗'),
(13, 'classify/sprout/hot/icon_classify_huajiaomiao.jpg','花椒苗'),
(13, 'classify/sprout/hot/icon_classify_lishumiao.png','梨树苗'),
(13, 'classify/sprout/hot/icon_classify_lizimiao.jpg','李子苗'),
(13, 'classify/sprout/hot/icon_classify_pingguomiao.jpg','苹果苗'),
(13, 'classify/sprout/hot/icon_classify_putaomiao.jpg','葡萄苗'),
(13, 'classify/sprout/hot/icon_classify_taoshumiao.jpg','桃树苗'),
(13, 'classify/sprout/hot/icon_classify_yingtaomiao.jpg','樱桃苗'),
(14, 'classify/sprout/fruit/icon_classify_caomeimiao.png','草莓苗'),
(14, 'classify/sprout/fruit/icon_classify_mihoutaomiao.jpg','猕猴桃苗'),
(14, 'classify/sprout/fruit/icon_classify_shanzhamiao.jpeg','山楂苗'),
(14, 'classify/sprout/fruit/icon_classify_wuhuaguomiao.png','无花果苗'),
(14, 'classify/sprout/fruit/icon_classify_xingshumiao.jpg','杏树苗'),
(14, 'classify/sprout/fruit/icon_classify_zaoshumiao.jpg','枣树苗'),
(15, 'classify/sprout/sprout/icon_classify_fengshumiao.jpg','枫树苗'),
(15, 'classify/sprout/sprout/icon_classify_guihuamiao.jpg','桂花苗'),
(15, 'classify/sprout/sprout/icon_classify_haitangmiao.jpg','海棠苗'),
(15, 'classify/sprout/sprout/icon_classify_nvzhenmiao.jpg','女贞苗'),
(15, 'classify/sprout/sprout/icon_classify_yangshumiao.jpeg','杨树苗'),
(15, 'classify/sprout/sprout/icon_classify_yinxingmiao.jpg','银杏苗'),
(15, 'classify/sprout/sprout/icon_classify_youchamiao.jpg','油茶苗'),
(15, 'classify/sprout/sprout/icon_classify_zhumiao.jpg','竹苗'),
(16, 'classify/sprout/vegetable/icon_classify_honshumiao.jpg','红薯苗'),
(16, 'classify/sprout/vegetable/icon_classify_huajiaomiao.jpg','花椒苗'),
(16, 'classify/sprout/vegetable/icon_classify_huangguamiao.jpg','黄瓜苗'),
(16, 'classify/sprout/vegetable/icon_classify_qiezimiao.png','茄子苗'),
(16, 'classify/sprout/vegetable/icon_classify_qincaimiao.jpg','芹菜苗'),
(16, 'classify/sprout/vegetable/icon_classify_xihongshimiao.jpg','西红柿苗'),
(17, 'classify/poultry/hot/icon_classify_chicken.png','土鸡'),
(17, 'classify/poultry/hot/icon_classify_e.png','鹅'),
(17, 'classify/poultry/hot/icon_classify_egg.png','鸡蛋'),
(17, 'classify/poultry/hot/icon_classify_niu.png','肉牛'),
(17, 'classify/poultry/hot/icon_classify_pig.png','生猪'),
(17, 'classify/poultry/hot/icon_classify_tuzi.png','兔子'),
(17, 'classify/poultry/hot/icon_classify_niurou.png','牛肉'),
(17, 'classify/poultry/hot/icon_classify_ya.png','鸭'),
(17, 'classify/poultry/hot/icon_classify_yang.png','肉羊'),
(18, 'classify/poultry/livebrid/icon_classify_anchun.png','鹌鹑'),
(18, 'classify/poultry/livebrid/icon_classify_maque.png','麻雀'),
(18, 'classify/poultry/livebrid/icon_classify_gezi.png','鸽子'),
(18, 'classify/poultry/livebrid/icon_classify_rouji.png','肉鸡'),
(18, 'classify/poultry/livebrid/icon_classify_shuiya.png','水鸭'),
(18, 'classify/poultry/livebrid/icon_classify_yeji.png','野鸡'),
(19, 'classify/poultry/liveanimal/icon_classify_lu.png','鹿'),
(19, 'classify/poultry/liveanimal/icon_classify_maoniu.png','牦牛'),
(19, 'classify/poultry/liveanimal/icon_classify_rouma.png','马'),
(19, 'classify/poultry/liveanimal/icon_classify_rouyang.png','肉羊'),
(19, 'classify/poultry/liveanimal/icon_classify_shuiniu.png','水牛'),
(19, 'classify/poultry/liveanimal/icon_classify_yangtuo.png','羊驼'),
(20, 'classify/poultry/egg/icon_classify_anchundan.png','鹌鹑蛋'),
(20, 'classify/poultry/egg/icon_classify_edan.png','鹅蛋'),
(20, 'classify/poultry/egg/icon_classify_jidan.png','鸡蛋'),
(20, 'classify/poultry/egg/icon_classify_ludan.png','卤蛋'),
(20, 'classify/poultry/egg/icon_classify_yadan.png','鸭蛋'),
(20, 'classify/poultry/egg/icon_classify_songhuadan.png','松花蛋'),
(21, 'classify/aquatic/hot/icon_classify_caoyu.png','草鱼'),
(21, 'classify/aquatic/hot/icon_classify_jiyu.png','鲫鱼'),
(21, 'classify/aquatic/hot/icon_classify_liyu.png','鲤鱼'),
(21, 'classify/aquatic/hot/icon_classify_niqiu.png','泥鳅'),
(21, 'classify/aquatic/hot/icon_classify_qingwa.png','青蛙'),
(21, 'classify/aquatic/hot/icon_classify_shenghao.png','生蚝'),
(21, 'classify/aquatic/hot/icon_classify_xia.png','虾'),
(21, 'classify/aquatic/hot/icon_classify_xiaolongxia.png','小龙虾'),
(21, 'classify/aquatic/hot/icon_classify_yugan.png','鱼干'),
(22, 'classify/aquatic/freshwater/icon_classify_baiyu.png','白鱼'),
(22, 'classify/aquatic/freshwater/icon_classify_daoyu.png','刀鱼'),
(22, 'classify/aquatic/freshwater/icon_classify_heiyu.png','黑鱼'),
(22, 'classify/aquatic/freshwater/icon_classify_huangshan.png','黄鳝'),
(22, 'classify/aquatic/freshwater/icon_classify_lianyu.png','鲢鱼'),
(22, 'classify/aquatic/freshwater/icon_classify_shibanyu.png','石斑鱼'),
(23, 'classify/aquatic/shrimp/icon_classify_dongxia.png','冻虾'),
(23, 'classify/aquatic/shrimp/icon_classify_duixia.png','对虾'),
(23, 'classify/aquatic/shrimp/icon_classify_jiweixia.png','基围虾'),
(23, 'classify/aquatic/shrimp/icon_classify_xiahua.png','虾滑'),
(23, 'classify/aquatic/shrimp/icon_classify_xiaren.png','虾仁'),
(23, 'classify/aquatic/shrimp/icon_classify_xiawei.png','虾尾'),
(24, 'classify/aquatic/shellfish/icon_classify_baoyu.png','鲍鱼'),
(24, 'classify/aquatic/shellfish/icon_classify_hailuo.png','海螺'),
(24, 'classify/aquatic/shellfish/icon_classify_hebang.png','河蚌'),
(24, 'classify/aquatic/shellfish/icon_classify_honbei.png','红贝'),
(24, 'classify/aquatic/shellfish/icon_classify_shanbei.png','扇贝'),
(24, 'classify/aquatic/shellfish/icon_classify_tianluo.png','田螺'),
(25, 'classify/medicine/hot/icon_classify_baiji.jpg','白芨'),
(25, 'classify/medicine/hot/icon_classify_baishu.jpeg','白术'),
(25, 'classify/medicine/hot/icon_classify_chonglou.jpg','重楼'),
(25, 'classify/medicine/hot/icon_classify_danggui.jpg','当归'),
(25, 'classify/medicine/hot/icon_classify_huangqi.jpeg','黄芪'),
(25, 'classify/medicine/hot/icon_classify_jinyinhua.jpg','金银花'),
(25, 'classify/medicine/hot/icon_classify_renshen.png','人参'),
(25, 'classify/medicine/hot/icon_classify_sanqi.png','三七'),
(25, 'classify/medicine/hot/icon_classify_tianma.jpeg','天麻'),
(26, 'classify/medicine/tuber/icon_classify_baishao.jpg','白芍'),
(26, 'classify/medicine/tuber/icon_classify_baizhi.jpg','白芷'),
(26, 'classify/medicine/tuber/icon_classify_cangshu.jpeg','苍术'),
(26, 'classify/medicine/tuber/icon_classify_heshouwu.png','何首乌'),
(26, 'classify/medicine/tuber/icon_classify_jigeng.jpeg','桔梗'),
(26, 'classify/medicine/tuber/icon_classify_pugongying.jpg','蒲公英'),
(27, 'classify/medicine/seed/icon_classify_cangerzi.jpg','苍耳子'),
(27, 'classify/medicine/seed/icon_classify_caoguo.jpg','草果'),
(27, 'classify/medicine/seed/icon_classify_luohanguo.jpg','罗汉果'),
(27, 'classify/medicine/seed/icon_classify_pangdahai.jpg','胖大海'),
(27, 'classify/medicine/seed/icon_classify_sangshen.jpg','桑葚'),
(27, 'classify/medicine/seed/icon_classify_taohe.jpg','桃核'),
(28, 'classify/medicine/herbs/icon_classify_aicao.jpg','艾草'),
(28, 'classify/medicine/herbs/icon_classify_baihao.jpeg','白蒿'),
(28, 'classify/medicine/herbs/icon_classify_bohe.png','薄荷'),
(28, 'classify/medicine/herbs/icon_classify_cheqianzi.jpeg','车前子'),
(28, 'classify/medicine/herbs/icon_classify_ganju.jpg','甘菊'),
(28, 'classify/medicine/herbs/icon_classify_shihu.jpg','石斛'),
(29, 'classify/nut/hot/icon_classify_diguagan.png','地瓜干'),
(29, 'classify/nut/hot/icon_classify_gouqi.png','枸杞'),
(29, 'classify/nut/hot/icon_classify_guazi.png','瓜子'),
(29, 'classify/nut/hot/icon_classify_guiyuan.png','桂圆'),
(29, 'classify/nut/hot/icon_classify_hetao.png','核桃'),
(29, 'classify/nut/hot/icon_classify_honzao.png','红枣'),
(29, 'classify/nut/hot/icon_classify_lianzi.png','莲子'),
(29, 'classify/nut/hot/icon_classify_lizi.png','栗子'),
(29, 'classify/nut/hot/icon_classify_putaogan.png','葡萄干'),
(30, 'classify/nut/dry/icon_classify_guofu.png','果脯'),
(30, 'classify/nut/dry/icon_classify_boluogan.png','菠萝干'),
(30, 'classify/nut/dry/icon_classify_huangtaogan.png','黄桃干'),
(30, 'classify/nut/dry/icon_classify_mizao.png','蜜枣'),
(30, 'classify/nut/dry/icon_classify_sangshengan.png','桑葚干'),
(30, 'classify/nut/dry/icon_classify_shanzhagan.png','山楂干'),
(30, 'classify/nut/dry/icon_classify_shibing.png','柿饼'),
(30, 'classify/nut/dry/icon_classify_wuhuaguogan.png','无花果干'),
(30, 'classify/nut/dry/icon_classify_yangmeigan.png','杨梅干'),
(31, 'classify/nut/nut/icon_classify_kaixinguo.png','开心果'),
(31, 'classify/nut/nut/icon_classify_songzi.png','松子'),
(31, 'classify/nut/nut/icon_classify_xiaweiyiguo.png','夏威夷果'),
(31, 'classify/nut/nut/icon_classify_xingren.png','杏仁'),
(31, 'classify/nut/nut/icon_classify_yaoguo.png','腰果'),
(31, 'classify/nut/nut/icon_classify_zhenzi.png','榛子'),
(32, 'classify/agric/hot/icon_classify_bajiao.png','八角'),
(32, 'classify/agric/hot/icon_classify_fengmi.png','蜂蜜'),
(32, 'classify/agric/hot/icon_classify_fentiao.png','粉条'),
(32, 'classify/agric/hot/icon_classify_hontang.png','红糖'),
(32, 'classify/agric/hot/icon_classify_huajiao.png','花椒'),
(32, 'classify/agric/hot/icon_classify_huanghuacai.png','黄花菜'),
(32, 'classify/agric/hot/icon_classify_huashengyou.png','花生油'),
(32, 'classify/agric/hot/icon_classify_mianfen.png','面粉'),
(32, 'classify/agric/hot/icon_classify_tangguo.png','糖果'),
(33, 'classify/agric/working/icon_classify_guantou.png','罐头'),
(33, 'classify/agric/working/icon_classify_haitai.png','海苔'),
(33, 'classify/agric/working/icon_classify_huafen.png','花粉'),
(33, 'classify/agric/working/icon_classify_meigancai.png','梅干菜'),
(33, 'classify/agric/working/icon_classify_suancai.png','酸菜'),
(33, 'classify/agric/working/icon_classify_wanzi.png','丸子'),
(34, 'classify/agric/grain/icon_classify_chayou.png','茶油'),
(34, 'classify/agric/grain/icon_classify_doufu.png','豆腐'),
(34, 'classify/agric/grain/icon_classify_fuzhu.png','腐竹'),
(34, 'classify/agric/grain/icon_classify_mifen.png','米粉'),
(34, 'classify/agric/grain/icon_classify_shanchayou.png','山茶油'),
(34, 'classify/agric/grain/icon_classify_yumimian.png','玉米面'),
(35, 'classify/agric/season/icon_classify_baitang.png','白糖'),
(35, 'classify/agric/season/icon_classify_ganjiang.png','干姜'),
(35, 'classify/agric/season/icon_classify_hujiao.png','胡椒'),
(35, 'classify/agric/season/icon_classify_shiyongyan.png','食用盐'),
(35, 'classify/agric/season/icon_classify_weijing.png','味精'),
(35, 'classify/agric/season/icon_classify_zhimajiang.png','芝麻酱'),
(36, 'classify/agric/dry/icon_classify_gandoujiao.png','干豆角'),
(36, 'classify/agric/dry/icon_classify_ganmugua.png','干木瓜'),
(36, 'classify/agric/dry/icon_classify_gansun.png','干笋'),
(36, 'classify/agric/dry/icon_classify_lanmeigan.png','蓝莓干'),
(36, 'classify/agric/dry/icon_classify_lizhigan.png','荔枝干'),
(36, 'classify/agric/dry/icon_classify_wosun.png','莴笋'),
(37, 'classify/grain/hot/icon_classify_dadou.png','大豆'),
(37, 'classify/grain/hot/icon_classify_dami.png','大米'),
(37, 'classify/grain/hot/icon_classify_yumi.png','玉米'),
(37, 'classify/grain/hot/icon_classify_daogu.png','稻谷'),
(37, 'classify/grain/hot/icon_classify_gaoliang.png','高粱'),
(37, 'classify/grain/hot/icon_classify_huangdou.png','黄豆'),
(37, 'classify/grain/hot/icon_classify_huasheng.png','花生'),
(37, 'classify/grain/hot/icon_classify_xiaomai.png','小麦'),
(37, 'classify/grain/hot/icon_classify_xiaomi.png','小米'),
(38, 'classify/grain/grain/icon_classify_dami.png','大米'),
(38, 'classify/grain/grain/icon_classify_daogu.png','稻谷'),
(38, 'classify/grain/grain/icon_classify_guzi.png','谷子'),
(38, 'classify/grain/grain/icon_classify_xiaomai.png','小麦'),
(38, 'classify/grain/grain/icon_classify_yanmai.png','燕麦'),
(38, 'classify/grain/grain/icon_classify_yumi.png','玉米'),
(39, 'classify/grain/oil/icon_classify_kuihua.png','葵花'),
(39, 'classify/grain/oil/icon_classify_niuyouguo.png','牛油果'),
(39, 'classify/grain/oil/icon_classify_youcaizi.png','油菜籽'),
(39, 'classify/grain/oil/icon_classify_yougua.png','油瓜'),
(39, 'classify/grain/oil/icon_classify_zhima.png','芝麻'),
(40, 'classify/grain/beans/icon_classify_candou.png','蚕豆'),
(40, 'classify/grain/beans/icon_classify_dadou.png','大豆'),
(40, 'classify/grain/beans/icon_classify_heidou.png','黑豆'),
(40, 'classify/grain/beans/icon_classify_hondou.png','红豆'),
(40, 'classify/grain/beans/icon_classify_huangdou.png','黄豆'),
(40, 'classify/grain/beans/icon_classify_lvdou.png','绿豆'),
(41, 'classify/seed/hot/icon_classify_hetaozhongzi.png','核桃种子'),
(41, 'classify/seed/hot/icon_classify_jiangzhong.png','姜种'),
(41, 'classify/seed/hot/icon_classify_jiucaizhongzi.png','韭菜种子'),
(41, 'classify/seed/hot/icon_classify_lajiaozhongzi.png','辣椒种子'),
(41, 'classify/seed/hot/icon_classify_mucaozhongzi.png','牧草种子'),
(41, 'classify/seed/hot/icon_classify_pugongyin.png','蒲公英种子'),
(41, 'classify/seed/hot/icon_classify_tudouzhongzi.png','土豆种子'),
(41, 'classify/seed/hot/icon_classify_xiguazhongzi.png','西瓜种子'),
(41, 'classify/seed/hot/icon_classify_yumizhongzi.png','玉米种子'),
(42, 'classify/seed/vegetable/icon_classify_caihuazhongzi.png','菜花种子'),
(42, 'classify/seed/vegetable/icon_classify_dacongzhongzi.png','大葱种子'),
(42, 'classify/seed/vegetable/icon_classify_kuguazhongzi.png','苦瓜种子'),
(42, 'classify/seed/vegetable/icon_classify_nanguazhongzi.png','南瓜种子'),
(42, 'classify/seed/vegetable/icon_classify_ouzhongzi.png','藕种子'),
(42, 'classify/seed/vegetable/icon_classify_qiezizhongzi.png','茄子种子'),
(43, 'classify/seed/medicine/icon_classify_aicaozhongzi.jpeg','艾草种子'),
(43, 'classify/seed/medicine/icon_classify_niudalizhongzi.jpeg','牛大力种子'),
(43, 'classify/seed/medicine/icon_classify_qianhuzhongzi.jpg','前胡种子'),
(43, 'classify/seed/medicine/icon_classify_sanqizhongzi.jpeg','三七种子'),
(43, 'classify/seed/medicine/icon_classify_tianmazhongzi.jpg','天麻种子'),
(43, 'classify/seed/medicine/icon_classify_yimucaozhongzi.jpg','益母草种子'),
(44, 'classify/seed/fruit/icon_classify_chengzizhongzi.png','橙子种子'),
(44, 'classify/seed/fruit/icon_classify_hamiguazhongzi.png','哈密瓜种子'),
(44, 'classify/seed/fruit/icon_classify_lishuzhongzi.png','梨树种子'),
(44, 'classify/seed/fruit/icon_classify_pipazhongzi.png','枇杷种子'),
(44, 'classify/seed/fruit/icon_classify_tianguazhongzi.png','甜瓜种子'),
(44, 'classify/seed/fruit/icon_classify_zaoshuzhongzi.png','枣树种子'),
(45, 'classify/edible/hot/icon_classify_ganxianggu.png','干鲜菇'),
(45, 'classify/edible/hot/icon_classify_chongcao.png','虫草'),
(45, 'classify/edible/hot/icon_classify_heimuer.png','黑木耳'),
(45, 'classify/edible/hot/icon_classify_hongu.png','红菇'),
(45, 'classify/edible/hot/icon_classify_lingzhi.png','灵芝'),
(45, 'classify/edible/hot/icon_classify_mogu.png','蘑菇'),
(45, 'classify/edible/hot/icon_classify_pinggu.png','苹果'),
(45, 'classify/edible/hot/icon_classify_xianxianggu.png','鲜香菇'),
(45, 'classify/edible/hot/icon_classify_yiner.png','银耳'),
(46, 'classify/edible/live/icon_classify_heimuer.png','黑木耳'),
(46, 'classify/edible/live/icon_classify_lingzhi.png','灵芝'),
(46, 'classify/edible/live/icon_classify_mogu.png','蘑菇'),
(46, 'classify/edible/live/icon_classify_pinggu.png','苹果'),
(46, 'classify/edible/live/icon_classify_yeshengjun.png','野生菌'),
(46, 'classify/edible/live/icon_classify_yiner.png','银耳'),
(47, 'classify/edible/dry/icon_classify_caogu.jpg','草菇'),
(47, 'classify/edible/dry/icon_classify_chashugu.jpeg','茶树菇'),
(47, 'classify/edible/dry/icon_classify_houtougu.jpeg','猴头菇'),
(47, 'classify/edible/dry/icon_classify_niuganjun.jpg','牛肝菌'),
(47, 'classify/edible/dry/icon_classify_yangdujun.png','羊肚菌'),
(47, 'classify/edible/dry/icon_classify_zhusun.jpeg','竹荪'),
(48, 'classify/edible/seed/icon_classify_fulingjunzhong.jpg','茯苓菌种'),
(48, 'classify/edible/seed/icon_classify_lingzhijunzhong.jpeg','灵芝菌种'),
(48, 'classify/edible/seed/icon_classify_yinerjunzhong.jpeg','银耳菌种'),
(48, 'classify/edible/seed/icon_classify_muerjunzhong.jpeg','木耳菌种'),
(48, 'classify/edible/seed/icon_classify_pinggujunzhong.jpg','平菇菌种'),
(48, 'classify/edible/seed/icon_classify_xianggujunzhong.jpeg','香菇菌种'),
(49, 'classify/culture/hot/icon_classify_chanyong.png','蝉蛹'),
(49, 'classify/culture/hot/icon_classify_chongwugou.png','宠物狗'),
(49, 'classify/culture/hot/icon_classify_haozhu.png','豪猪'),
(49, 'classify/culture/hot/icon_classify_kongque.png','孔雀'),
(49, 'classify/culture/hot/icon_classify_mifeng.png','蜜蜂'),
(49, 'classify/culture/hot/icon_classify_tuoniao.png','鸵鸟'),
(49, 'classify/culture/hot/icon_classify_wanshangge.png','玩赏鸽'),
(49, 'classify/culture/hot/icon_classify_xiezi.png','蝎子'),
(49, 'classify/culture/hot/icon_classify_zhushu.png','竹鼠'),
(50, 'classify/culture/insect/icon_classify_can.png','蚕'),
(50, 'classify/culture/insect/icon_classify_mayi.png','蚂蚁'),
(50, 'classify/culture/insect/icon_classify_tuyuan.png','土元'),
(50, 'classify/culture/insect/icon_classify_woniu.png','蜗牛'),
(50, 'classify/culture/insect/icon_classify_wugong.png','蜈蚣'),
(50, 'classify/culture/insect/icon_classify_zhiliao.png','知了'),
(51, 'classify/culture/animal/icon_classify_chongwutu.png','宠物兔'),
(51, 'classify/culture/animal/icon_classify_ciwei.png','刺猬'),
(51, 'classify/culture/animal/icon_classify_huli.png','狐狸'),
(51, 'classify/culture/animal/icon_classify_mao.png','猫'),
(51, 'classify/culture/animal/icon_classify_paozi.png','狍子'),
(51, 'classify/culture/animal/icon_classify_songshu.png','松鼠'),
(52, 'classify/culture/brids/icon_classify_dayan.png','大雁'),
(52, 'classify/culture/brids/icon_classify_guihuaque.png','桂花雀'),
(52, 'classify/culture/brids/icon_classify_tiane.png','天鹅'),
(52, 'classify/culture/brids/icon_classify_yanzi.png','燕子'),
(52, 'classify/culture/brids/icon_classify_yingwu.png','鹦鹉'),
(52, 'classify/culture/brids/icon_classify_zhuji.png','竹鸡'),
(53, 'classify/nursery/hot/icon_classify_baishu.png','柏树'),
(53, 'classify/nursery/hot/icon_classify_fengshu.png','枫树'),
(53, 'classify/nursery/hot/icon_classify_guihuashu.png','桂花树'),
(53, 'classify/nursery/hot/icon_classify_haitangshu.png','海棠树'),
(53, 'classify/nursery/hot/icon_classify_huaishu.png','槐树'),
(53, 'classify/nursery/hot/icon_classify_songshu.png','松树'),
(53, 'classify/nursery/hot/icon_classify_taoshu.png','桃树'),
(53, 'classify/nursery/hot/icon_classify_yinghuashu.png','樱花树'),
(53, 'classify/nursery/hot/icon_classify_yinxingshu.png','银杏树'),
(54, 'classify/nursery/shrubs/icon_classify_dujuan.png','杜鹃'),
(54, 'classify/nursery/shrubs/icon_classify_fatong.png','法桐'),
(54, 'classify/nursery/shrubs/icon_classify_huangyang.png','黄杨'),
(54, 'classify/nursery/shrubs/icon_classify_liushu.png','柳树'),
(54, 'classify/nursery/shrubs/icon_classify_nvzhenshu.png','女贞树'),
(54, 'classify/nursery/shrubs/icon_classify_ziwei.png','紫薇'),
(55, 'classify/nursery/grain/icon_classify_caopi.png','草皮'),
(55, 'classify/nursery/grain/icon_classify_caopingcao.png','草坪草'),
(55, 'classify/nursery/grain/icon_classify_maidongcao.png','麦冬草'),
(55, 'classify/nursery/grain/icon_classify_xiangrikui.png','向日葵'),
(55, 'classify/nursery/grain/icon_classify_xicao.png','席草'),
(55, 'classify/nursery/grain/icon_classify_yinbiancao.png','银边草'),
(56, 'classify/nursery/bamboo/icon_classify_cixiaozhu.png','慈孝竹'),
(56, 'classify/nursery/bamboo/icon_classify_fujizhu.png','哺鸡竹'),
(56, 'classify/nursery/bamboo/icon_classify_luohanzhu.png','罗汉竹'),
(56, 'classify/nursery/bamboo/icon_classify_maozhu.png','毛竹'),
(56, 'classify/nursery/bamboo/icon_classify_zhubai.png','竹柏'),
(56, 'classify/nursery/bamboo/icon_classify_zhuzi.png','竹子'),
(57, 'classify/plant/hot/icon_classify_chahua.png','茶花'),
(57, 'classify/plant/hot/icon_classify_duorouzhiwu.png','多肉植物'),
(57, 'classify/plant/hot/icon_classify_guihua.png','桂花'),
(57, 'classify/plant/hot/icon_classify_juhua.png','菊花'),
(57, 'classify/plant/hot/icon_classify_lanhua.png','兰花'),
(57, 'classify/plant/hot/icon_classify_luhui.png','芦荟'),
(57, 'classify/plant/hot/icon_classify_meiguihua.png','玫瑰花'),
(57, 'classify/plant/hot/icon_classify_molihua.png','茉莉花'),
(57, 'classify/plant/hot/icon_classify_mudan.png','牡丹'),
(58, 'classify/plant/flower/icon_classify_kangnaixin.png','康乃馨'),
(58, 'classify/plant/flower/icon_classify_shaoyao.png','芍药'),
(58, 'classify/plant/flower/icon_classify_shizhu.png','石竹'),
(58, 'classify/plant/flower/icon_classify_shuixian.png','水仙'),
(58, 'classify/plant/flower/icon_classify_xunyicao.png','薰衣草'),
(58, 'classify/plant/flower/icon_classify_yuanweihua.png','鸢尾花'),
(59, 'classify/plant/plant/icon_classify_dujuanhuapenjing.png','杜鹃盆景'),
(59, 'classify/plant/plant/icon_classify_jinyinhuapenjing.png','金银花盆景'),
(59, 'classify/plant/plant/icon_classify_lvluo.png','绿箩'),
(59, 'classify/plant/plant/icon_classify_shiliushupenjing.png','石榴树盆景'),
(59, 'classify/plant/plant/icon_classify_xianrenqiu.png','仙人球'),
(59, 'classify/plant/plant/icon_classify_zitan.png','紫檀'),
(60, 'classify/plant/leaf/icon_classify_baihe.png','百合'),
(60, 'classify/plant/leaf/icon_classify_diaolan.png','吊兰'),
(60, 'classify/plant/leaf/icon_classify_fengye.png','枫叶'),
(60, 'classify/plant/leaf/icon_classify_fuguizhu.png','富贵竹'),
(60, 'classify/plant/leaf/icon_classify_jinqianshu.png','金钱树'),
(60, 'classify/plant/leaf/icon_classify_luolan.png','罗兰');


#商品信息数据初始
INSERT INTO `goods_info` (`id`, `category_id`, `goods_desc`, `goods_default_icon`, `goods_default_price`, `goods_banner`, `goods_detail_one`, `goods_detail_two`, `goods_sales_count`, `goods_stock_count`, `goods_code`, `goods_default_sku`) VALUES
(1, 14, 'Apple MacBook Air 13.3英寸笔记本电脑 银色(Core i5 处理器/8GB内存/128GB SSD闪存 MMGF2CH/A)', 'https://img11.360buyimg.com/n7/jfs/t2968/143/2485546147/238650/70df281e/57b12a31N8f4f75a3.jpg', '1', 'https://img11.360buyimg.com/n1/s450x450_jfs/t2968/143/2485546147/238650/70df281e/57b12a31N8f4f75a3.jpg,https://img13.360buyimg.com/n1/s450x450_jfs/t2632/157/4193453761/92922/2adb5ebc/57ad88f0Nb286ec7a.jpg,https://img11.360buyimg.com/n1/s450x450_jfs/t2977/86/2412624329/68019/dbe32c1f/57ad8846N64ac3c79.jpg', 'https://img20.360buyimg.com/vc/jfs/t3034/151/748569500/226790/d6cd86a2/57b15612N81dc489d.jpg', 'https://img20.360buyimg.com/vc/jfs/t2683/60/4222930118/169462/233c7678/57b15616N1e285f09.jpg', 5000, 10000, '10000000001', '1.6GHz i5处理器,GB内存/128GB SSD,1件'),
(2, 14, 'Apple MacBook Pro 13.3英寸笔记本电脑 银色(Core i5 处理器/8GB内存/128GB SSD闪存/Retina屏 MF839CH/A)', 'https://img13.360buyimg.com/n7/jfs/t2590/338/4222589387/237425/25e40fb/57b12ac6N61374a75.jpg', '2', 'https://img13.360buyimg.com/n1/s450x450_jfs/t2590/338/4222589387/237425/25e40fb/57b12ac6N61374a75.jpg,https://img13.360buyimg.com/n1/s450x450_jfs/t2632/157/4193453761/92922/2adb5ebc/57ad88f0Nb286ec7a.jpg,https://img11.360buyimg.com/n1/s450x450_jfs/t2977/86/2412624329/68019/dbe32c1f/57ad8846N64ac3c79.jpg', 'https://img20.360buyimg.com/vc/jfs/t2218/160/1600609450/672652/12ef3837/56600724N28581935.jpg', 'https://img20.360buyimg.com/vc/jfs/t2305/205/1525153851/648458/79706530/56600727N1022ecd8.jpg', 13530, 800, '10000000002', '13.3英寸/双核 i5/8G/128G闪存,1件'),
(3, 14, 'Apple MacBook Pro 15.4英寸笔记本电脑 深空灰色（Multi-Touch Bar/Core i7/16GB/256GB MLH32CH/A）', 'https://img10.360buyimg.com/n7/jfs/t3499/165/739574790/179345/251c51d4/58126465Na27a9bf0.jpg', '1', 'https://img13.360buyimg.com/n1/s450x450_jfs/t2590/338/4222589387/237425/25e40fb/57b12ac6N61374a75.jpg,https://img13.360buyimg.com/n1/s450x450_jfs/t2632/157/4193453761/92922/2adb5ebc/57ad88f0Nb286ec7a.jpg,https://img11.360buyimg.com/n1/s450x450_jfs/t2977/86/2412624329/68019/dbe32c1f/57ad8846N64ac3c79.jpg', 'https://img12.360buyimg.com/cms/jfs/t3760/42/740411238/146541/be42da9e/581266b4N7360a7e4.jpg', 'https://img13.360buyimg.com/cms/jfs/t3367/226/740508746/107595/414c65e6/581266b7Nea97b88f.jpg', 1350, 8200, '10000000003', '银色,Core i5/8G内存/256G闪存,1件'),
(4, 14, 'Apple 苹果 MacBook Air 13.3英寸笔记本电脑 MMGF2CH/A银色 Core i5/8G内存/128G闪存', 'https://img13.360buyimg.com/n1/jfs/t5821/151/4295371754/246251/29179c11/594a3eabNbf7fceec.jpg', '3.00', 'https://img13.360buyimg.com/n1/jfs/t5821/151/4295371754/246251/29179c11/594a3eabNbf7fceec.jpg,https://img13.360buyimg.com/n1/jfs/t3157/218/9378001544/103166/c8bb88da/58d0e987Nb3a34bfa.jpg,https://img13.360buyimg.com/n1/jfs/t4639/313/514186457/88273/6d83eae9/58d0e988N0009a10c.jpg', 'https://img30.360buyimg.com/popWaterMark/jfs/t5746/329/4801800135/218275/4a67f0ef/5954a40fNf471b55d.jpg', 'https://img30.360buyimg.com/popWareDetail/jfs/t6532/96/2593310/189936/1c5b2d94/5937a66aN594f4851.jpg', 2350, 3400, '10000000005', 'MMGF2CH/A银色,Core i5/8G内存/128G闪存,1件'),
(5, 14, 'Apple 苹果 MacBook Pro 笔记本电脑 16年新款 15英寸 Multi-Touch Bar 256G 深空灰色', 'https://img14.360buyimg.com/n5/s450x450_jfs/t3397/55/762020838/184157/7e507d32/58131c17Nb108ca54.jpg', '8.00', 'https://img14.360buyimg.com/n5/s450x450_jfs/t3397/55/762020838/184157/7e507d32/58131c17Nb108ca54.jpg,https://img14.360buyimg.com/n5/s450x450_jfs/t3427/1/761535388/238533/b605b9f2/58130206Ncf90e695.jpg,https://img14.360buyimg.com/n5/s450x450_jfs/t3490/164/628752282/118644/88a1c360/58130288Ne2b8683e.jpg,https://img14.360buyimg.com/n5/s450x450_jfs/t3715/86/798415057/312693/b777b279/58131c16Ncba81f8b.jpg', 'https://img10.360buyimg.com/imgzone/jfs/t3082/24/2402653567/223529/1a6b04b/57e0d2f8N10eb5602.jpg', 'https://img30.360buyimg.com/popWaterMark/jfs/t6241/302/1026912919/130228/685bcc83/5949c952N88858337.jpg', 150, 900, '10000000006', '13英寸 Core i5 8G内存 256G闪存,深空灰色,1件'),
(6, 14, 'Apple MacBook Air 13.3英寸笔记本电脑 银色(Core i5 处理器/8GB内存/128GB SSD闪存 MMGF2CH/A)', 'https://img11.360buyimg.com/n7/jfs/t2968/143/2485546147/238650/70df281e/57b12a31N8f4f75a3.jpg', '1', 'https://img11.360buyimg.com/n1/s450x450_jfs/t2968/143/2485546147/238650/70df281e/57b12a31N8f4f75a3.jpg,https://img13.360buyimg.com/n1/s450x450_jfs/t2632/157/4193453761/92922/2adb5ebc/57ad88f0Nb286ec7a.jpg,https://img11.360buyimg.com/n1/s450x450_jfs/t2977/86/2412624329/68019/dbe32c1f/57ad8846N64ac3c79.jpg', 'https://img20.360buyimg.com/vc/jfs/t3034/151/748569500/226790/d6cd86a2/57b15612N81dc489d.jpg', 'https://img20.360buyimg.com/vc/jfs/t2683/60/4222930118/169462/233c7678/57b15616N1e285f09.jpg', 5000, 10000, '10000000001', '1.6GHz i5处理器,GB内存/128GB SSD,1件'),
(7, 14, 'Apple 苹果 MacBook Air 13.3英寸笔记本电脑 MMGF2CH/A银色 Core i5/8G内存/128G闪存', 'https://img13.360buyimg.com/n1/jfs/t5821/151/4295371754/246251/29179c11/594a3eabNbf7fceec.jpg', '3.00', 'https://img13.360buyimg.com/n1/jfs/t5821/151/4295371754/246251/29179c11/594a3eabNbf7fceec.jpg,https://img13.360buyimg.com/n1/jfs/t3157/218/9378001544/103166/c8bb88da/58d0e987Nb3a34bfa.jpg,https://img13.360buyimg.com/n1/jfs/t4639/313/514186457/88273/6d83eae9/58d0e988N0009a10c.jpg', 'https://img30.360buyimg.com/popWaterMark/jfs/t5746/329/4801800135/218275/4a67f0ef/5954a40fNf471b55d.jpg', 'https://img30.360buyimg.com/popWareDetail/jfs/t6532/96/2593310/189936/1c5b2d94/5937a66aN594f4851.jpg', 2350, 3400, '10000000005', 'MMGF2CH/A银色,Core i5/8G内存/128G闪存,1件'),
(8, 14, '国行Apple/苹果 MacBook Pro MF839CH/A 13.3英寸 商务笔记本电脑', 'https://img.alicdn.com/imgextra/i3/1669409267/TB2bMSccXXXXXbVXXXXXXXXXXXX_!!1669409267.jpg_430x430q90.jpg', '5.00', 'https://img.alicdn.com/imgextra/i3/1669409267/TB2bMSccXXXXXbVXXXXXXXXXXXX_!!1669409267.jpg_430x430q90.jpg,https://img.alicdn.com/imgextra/i2/1669409267/TB2WUa4qpXXXXaQXpXXXXXXXXXX_!!1669409267.jpg_430x430q90.jpg,https://img.alicdn.com/imgextra/i2/1669409267/TB2ZnUysXXXXXXOXXXXXXXXXXXX_!!1669409267.jpg_430x430q90.jpg', 'https://gdp.alicdn.com/imgextra/i1/1669409267/TB25Yfnmr_0UKFjy1XaXXbKfXXa_!!1669409267.jpg', 'https://img.alicdn.com/imgextra/i4/1669409267/TB28SC_vdFopuFjSZFHXXbSlXXa_!!1669409267.jpg', 1660, 1200, '10000000007', '8G 128G,银白色,1件'),
(9, 24, 'Apple iPhone 6s Plus (A1699) 32G 金色 移动联通电信4G手机', 'https://img14.360buyimg.com/n1/s450x450_jfs/t3268/124/2646283367/114153/f5704b88/57e4a358N9ccc6645.jpg', '1.00', 'https://img14.360buyimg.com/n1/s450x450_jfs/t3268/124/2646283367/114153/f5704b88/57e4a358N9ccc6645.jpg,https://img14.360buyimg.com/n1/s450x450_jfs/t3055/170/2635484631/101619/8000b30/57e4a359N218a4200.jpg,https://img12.360buyimg.com/n1/s450x450_jfs/t3274/10/2586151054/109903/711d3edd/57e4a35aNc4a0b203.jpg', 'https://img30.360buyimg.com/jgsq-productsoa/jfs/t6337/310/2148869366/61744/dca36a9c/595dda76N64984138.jpg', 'https://img30.360buyimg.com/jgsq-productsoa/jfs/t6175/244/140312464/88326/30e3b943/593a4888N3187bea7.jpg', 9890, 1200, '10000000010', '金色,32GB,1件'),
(10, 24, 'Apple iPhone 7 Plus (A1661) 32G 亮黑色 移动联通电信4G手机', 'https://img14.360buyimg.com/n1/s450x450_jfs/t3064/188/1693292264/115570/e891640b/57d11bfaN2e8acade.jpg', '2.00', 'https://img14.360buyimg.com/n1/s450x450_jfs/t3064/188/1693292264/115570/e891640b/57d11bfaN2e8acade.jpg,https://img14.360buyimg.com/n1/s450x450_jfs/t3202/139/1655646299/94486/f66e4dae/57d11bfbN147f8c9a.jpg,https://img14.360buyimg.com/n1/s450x450_jfs/t2998/150/2060445093/29614/e9c3eab5/57d11bfbN5a03e02d.jpg', 'https://img30.360buyimg.com/jgsq-productsoa/jfs/t6337/310/2148869366/61744/dca36a9c/595dda76N64984138.jpg', 'https://img30.360buyimg.com/jgsq-productsoa/jfs/t6175/244/140312464/88326/30e3b943/593a4888N3187bea7.jpg', 12313, 12566, '10000000011', '亮黑色,32GB,1件'),
(11, 24, '苹果 Apple iPhone 6 4G手机 灰色 公开全网通(32G)标配', 'https://img14.360buyimg.com/n1/s450x450_jfs/t5581/37/6255093126/256134/d8ae5c1d/59688753N177cfc26.jpg', '1.00', 'https://img14.360buyimg.com/n1/s450x450_jfs/t5581/37/6255093126/256134/d8ae5c1d/59688753N177cfc26.jpg,https://img14.360buyimg.com/n1/s450x450_jfs/t5593/357/6209896656/70558/1cc69840/59688755Nd4a0c527.jpg,https://img14.360buyimg.com/n1/s450x450_jfs/t5848/309/6166315010/59102/2a85c081/59688756Ndce52d99.jpg', 'https://img30.360buyimg.com/popWaterMark/jfs/t3016/136/650115357/171206/c66b2965/57ad8acaN57ed9319.jpg', 'https://img30.360buyimg.com/popWaterMark/jfs/t2935/12/2469495182/65696/a31dc72e/57ad8acaNef46eb26.jpg', 56667, 8434, '10000000012', '灰色,32GB,1件'),
(12, 15, '联想（ThinkPad）E460（20ETA063CD）14英寸笔记本电脑（i7-6498DU 8G 1T 2G独显 Win10）', 'https://img14.360buyimg.com/n1/s450x450_jfs/t5446/184/2581563799/286954/9ebfad09/591bddbcNc724d048.jpg', '1.00', 'https://img14.360buyimg.com/n1/s450x450_jfs/t5446/184/2581563799/286954/9ebfad09/591bddbcNc724d048.jpg,https://img14.360buyimg.com/n1/s450x450_jfs/t5209/149/1168851360/329572/9bdcbaa5/590c421eN49bc2d11.jpg,https://img14.360buyimg.com/n1/s450x450_jfs/t5437/240/2545062154/189407/7ab57b0b/591bddc2N6c52f1ad.jpg,https://img14.360buyimg.com/n1/s450x450_jfs/t5326/216/1147917773/304909/e711dfc6/590c421fNc5def6a7.jpg', 'https://img20.360buyimg.com/vc/jfs/t5563/279/850602969/1094377/272f0258/5907fc23N3a312831.jpg', 'https://img20.360buyimg.com/vc/jfs/t5563/279/850602969/1094377/272f0258/5907fc23N3a312831.jpg', 56667, 8434, '10000000015', '【i7豪华版】8G 1T,1件'),
(13, 15, 'ThinkPad New S2（20GU0000CD）13.3英寸轻薄笔记本电脑（i5-6200U 4G 240GB SSD FHD IPS Win10 银色）', 'https://img12.360buyimg.com/n1/s450x450_jfs/t3439/192/665209614/82997/ce6c3ad8/58107973Na856a8e1.jpg', '2.00', 'https://img12.360buyimg.com/n1/s450x450_jfs/t3439/192/665209614/82997/ce6c3ad8/58107973Na856a8e1.jpg,https://img12.360buyimg.com/n1/s450x450_jfs/t3313/27/610873927/76897/44bc7560/58107978N6e64b6ce.jpg,https://img12.360buyimg.com/n1/s450x450_jfs/t3766/313/640498039/58537/b7e06633/5810797dN0ec052bd.jpg,https://img12.360buyimg.com/n1/s450x450_jfs/t3379/29/613387717/62645/cad23f55/58107982Neca08199.jpg', 'https://img20.360buyimg.com/vc/jfs/t3172/316/316003976/446142/2e681194/57b168fcNfc72b6c2.jpg', 'https://img20.360buyimg.com/vc/jfs/t3172/316/316003976/446142/2e681194/57b168fcNfc72b6c2.jpg', 53453, 5623, '10000000016', '【轻薄特价】180打开i5标配,1件'),
(14, 15, '联想（ThinkPad）黑侠E570 GTX（1NCD）游戏笔记本（i5-7200U 4G 500G+128G SSD GTX950M 2G独显 FHD Win10）', 'https://img13.360buyimg.com/n1/s450x450_jfs/t3589/5/1216566713/222593/43da0a93/5822ed83N8f0984b9.jpg', '3.00', 'https://img13.360buyimg.com/n1/s450x450_jfs/t3589/5/1216566713/222593/43da0a93/5822ed83N8f0984b9.jpg,https://img13.360buyimg.com/n1/s450x450_jfs/t3514/49/1286403745/215402/2c20d256/5822ed87N71a050ee.jpg,https://img13.360buyimg.com/n1/s450x450_jfs/t3406/2/1342234371/410922/dbedf7f8/5822ed8bN792d72cd.jpg,https://img13.360buyimg.com/n1/s450x450_jfs/t3496/362/1334197333/221885/678bc709/5822ed93Nd409d7f0.jpg', 'https://img20.360buyimg.com/vc/jfs/t3850/230/1078650780/1998827/c8083d77/5822d122N3d828e6d.jpg', 'https://img20.360buyimg.com/vc/jfs/t3850/230/1078650780/1998827/c8083d77/5822d122N3d828e6d.jpg', 32423, 7345, '10000000017', '【黑侠游戏本特价款】GTX950,1件'),
(15, 15, 'ThinkPad X1 Carbon 2017（20HRA007CD）14英寸轻薄笔记本电脑（i5-7200U 8G 256GSSD FHD Win10）', 'https://img11.360buyimg.com/n1/s450x450_jfs/t4804/97/1759098535/205293/61ec47d0/58f428f6N5b35ea21.jpg', '3.00', 'https://img11.360buyimg.com/n1/s450x450_jfs/t4804/97/1759098535/205293/61ec47d0/58f428f6N5b35ea21.jpg,https://img11.360buyimg.com/n1/s450x450_jfs/t4753/151/1078896686/306158/d1133be7/58ec5f8aN9074a72b.jpg,https://img11.360buyimg.com/n1/s450x450_jfs/t5065/111/1077695223/143927/6b0de1f/58ec5f90N0954eca1.jpg,https://img11.360buyimg.com/n1/s450x450_jfs/t4618/299/2175767160/96803/f14f7185/58ec5f94Nc2fbb336.jpg', 'https://img20.360buyimg.com/vc/jfs/t3850/230/1078650780/1998827/c8083d77/5822d122N3d828e6d.jpg', 'https://img20.360buyimg.com/vc/jfs/t3850/230/1078650780/1998827/c8083d77/5822d122N3d828e6d.jpg', 9894, 10000, '10000000018', '2017新X1 8G 256G,1件');

#商品SKU数据初始


INSERT INTO `goods_sku` (`id`, `goods_id`, `goods_sku_title`, `goods_sku_content`) VALUES
(1, 1, '版本', '1.6GHz i5处理器,2017年i5处理器升级版,i7处理器 定制版'),
(2, 1, '配置', '8GB内存/128GB SSD,8GB内存/256GB SSD'),
(3, 2, '配置', '13.3英寸/双核 i5/8G/128G闪存,15.4英寸/四核 i7/16G/256G闪存,15.4英寸/四核 i7/16G/512G闪存'),
(4, 3, '颜色', '银色,深空灰色'),
(5, 3, '配置', 'Core i5/8G内存/256G闪存,256G闪存/Multi-Touch Bar,512G闪存/Multi-Touch Bar'),
(6, 4, '颜色', 'MMGF2CH/A银色,2017款 MQD32CH/A,MMGG2CH/A银色,2017款 MQD42CH/A'),
(7, 4, '版本', 'Core i5/8G内存/128G闪存,Core i5/8G内存/256G闪存'),
(8, 5, '颜色', '13英寸 Core i5 8G内存 256G闪存,MMGG2CH/A银色,13英寸Multi-Touch Bar 256G,15英寸 Multi-Touch Bar 512G'),
(9, 5, '版本', '银色,深空灰色'),
(10, 6, '版本', '1.6GHz i5处理器,2017年i5处理器升级版,i7处理器 定制版'),
(11, 6, '配置', '8GB内存/128GB SSD,8GB内存/256GB SSD'),
(12, 7, '颜色', 'MMGF2CH/A银色,2017款 MQD32CH/A,MMGG2CH/A银色,2017款 MQD42CH/A'),
(13, 7, '版本', 'Core i5/8G内存/128G闪存,Core i5/8G内存/256G闪存'),
(14, 8, '颜色', '银白色'),
(15, 8, '版本', '8G 128G,16GB 256G'),
(16, 9, '颜色', '金色,银色,深空灰,玫瑰金'),
(17, 9, '版本', '32GB,128GB'),
(18, 10, '颜色', '亮黑色,金色,银色,深空灰,玫瑰金'),
(19, 10, '版本', '32GB,128GB,256GB'),
(20, 11, '颜色', '灰色,金色'),
(21, 12, '颜色', '【i7豪华版】8G 1T,【i7基础版】4G 500G,【i7顶配版】8G 256GSSD,【爆款】180开合i5 4G 500G,【高配款】180开合i5 8G 500G'),
(22, 13, '颜色', '【轻薄特价】180打开i5标配,【180打开 触控】i5 8G 180G,【180打开背光键盘】i5 8G 256G,【碳纤维360度窄边框】180G,【黑色180开合】i7极速'),
(23, 14, '颜色', '【黑侠游戏本特价款】GTX950,【黑侠游戏本高配款】GTX950,【黑侠游戏本顶配款】GTX950,【黑侠游戏i7殿堂款】GTX950'),
(24, 15, '颜色', '2017新X1 8G 256G,2017新X1 i7 8G 256G,2017新X1 i7 8G 512G,经典款 8G 180G');
